"","ID","Description","GeneRatio","BgRatio","pvalue","p.adjust","qvalue","geneID","Count"
"GO:0140416","GO:0140416","transcription regulator inhibitor activity","2/15","21/17059",0.000150094213513232,0.00563462028982208,0.00349515920233325,"ID3/ID1",2
"GO:0019838","GO:0019838","growth factor binding","3/15","134/17059",0.000201236438922217,0.00563462028982208,0.00349515920233325,"FGFBP3/NTRK2/IGFBP5",3
"GO:1901681","GO:1901681","sulfur compound binding","3/15","251/17059",0.00125636106242348,0.0234520731652383,0.014547338617535,"FGFBP3/FST/MDK",3
