"","ID","Description","GeneRatio","BgRatio","pvalue","p.adjust","qvalue","geneID","Count"
"GO:0030020","GO:0030020","extracellular matrix structural constituent conferring tensile strength","2/7","47/17059",0.000154657892536054,0.00216521049550475,0.00113958447131829,"COL18A1/COL1A1",2
"GO:0005201","GO:0005201","extracellular matrix structural constituent","2/7","176/17059",0.00214829781128921,0.0150380846790244,0.00791478141001287,"COL18A1/COL1A1",2
"GO:0048407","GO:0048407","platelet-derived growth factor binding","1/7","11/17059",0.00450581503621228,0.0210271368356573,0.0110669141240302,"COL1A1",1
"GO:0005212","GO:0005212","structural constituent of eye lens","1/7","19/17059",0.00777183097508249,0.0272014084127887,0.014316530743573,"CRYAB",1
