"","ID","Description","GeneRatio","BgRatio","pvalue","p.adjust","qvalue","geneID","Count"
"GO:0005001","GO:0005001","transmembrane receptor protein tyrosine phosphatase activity","1/5","21/17059",0.00614069144372098,0.0337698430651898,0.0135417917053393,"PTPRN2",1
"GO:0019198","GO:0019198","transmembrane receptor protein phosphatase activity","1/5","21/17059",0.00614069144372098,0.0337698430651898,0.0135417917053393,"PTPRN2",1
"GO:0140416","GO:0140416","transcription regulator inhibitor activity","1/5","21/17059",0.00614069144372098,0.0337698430651898,0.0135417917053393,"ID1",1
"GO:0017134","GO:0017134","fibroblast growth factor binding","1/5","22/17059",0.00643235106003615,0.0337698430651898,0.0135417917053393,"FGFBP3",1
"GO:0070628","GO:0070628","proteasome binding","1/5","28/17059",0.00818087116808663,0.0343596589059639,0.0137783093357249,"ID1",1
"GO:0035198","GO:0035198","miRNA binding","1/5","39/17059",0.0113800974294533,0.0398303410030867,0.0159720665676538,"NEAT1",1
"GO:0061980","GO:0061980","regulatory RNA binding","1/5","51/17059",0.0148607414641224,0.0445822243923673,0.0178775837162375,"NEAT1",1
