"","ID","Description","GeneRatio","BgRatio","pvalue","p.adjust","qvalue","geneID","Count"
"GO:0001972","GO:0001972","retinoic acid binding","2/14","15/17059",6.52725589467169e-05,0.00450380656732347,0.00254219440108266,"NR2F2/CRABP1",2
"GO:0005501","GO:0005501","retinoid binding","2/14","32/17059",0.000305886660580372,0.00748577850365681,0.00422538222174374,"NR2F2/CRABP1",2
"GO:0019840","GO:0019840","isoprenoid binding","2/14","33/17059",0.000325468630593774,0.00748577850365681,0.00422538222174374,"NR2F2/CRABP1",2
"GO:0033293","GO:0033293","monocarboxylic acid binding","2/14","61/17059",0.00111333389143751,0.019205009627297,0.0108403563113652,"NR2F2/CRABP1",2
"GO:0043177","GO:0043177","organic acid binding","2/14","104/17059",0.00319348467600534,0.0440700885288737,0.0248755648446732,"NR2F2/CRABP1",2
