"","ID","Description","GeneRatio","BgRatio","pvalue","p.adjust","qvalue","geneID","Count"
"GO:0019838","GO:0019838","growth factor binding","2/4","134/17059",0.000363692689977427,0.0112744733893002,0.00421117851552811,"PTN/COL1A2",2
"GO:0035374","GO:0035374","chondroitin sulfate binding","1/4","10/17059",0.0023429481913736,0.026629169053528,0.00994637893340603,"PTN",1
"GO:0048407","GO:0048407","platelet-derived growth factor binding","1/4","11/17059",0.00257701636001884,0.026629169053528,0.00994637893340603,"COL1A2",1
"GO:0005212","GO:0005212","structural constituent of eye lens","1/4","19/17059",0.00444807928059632,0.0344726144246215,0.0128760189701472,"CRYAB",1
