"","ID","Description","GeneRatio","BgRatio","pvalue","p.adjust","qvalue","geneID","Count"
"GO:0019838","GO:0019838","growth factor binding","11/209","125/15349",1.09608896636145e-06,0.000449396476208196,0.000416513807217353,"TEK/KDR/FLT1/NRP1/IGFBP5/IGFBP4/IL2RB/ACVRL1/IGFBP3/COL2A1/SCN5A",11
"GO:0008017","GO:0008017","microtubule binding","13/209","262/15349",6.34606952435794e-05,0.0130094425249338,0.0120575320962801,"HAUS4/KIF2C/KIF14/KIF11/KIF20A/PLK1/TPX2/GTSE1/NUSAP1/DLGAP5/BIRC5/KIF23/KIFC1",13
"GO:0019199","GO:0019199","transmembrane receptor protein kinase activity","7/209","79/15349",9.92239195022035e-05,0.0135606023319678,0.0125683631369458,"TEK/KDR/TIE1/FLT1/NRP1/ACVRL1/AMHR2",7
"GO:0005201","GO:0005201","extracellular matrix structural constituent","9/209","148/15349",0.000193957557200345,0.0198806496130354,0.0184259679340328,"BGN/MFGE8/ZP2/HAPLN1/COL2A1/COL4A5/PRELP/COL4A6/COL21A1",9
"GO:0003777","GO:0003777","microtubule motor activity","6/209","67/15349",0.00029655104274874,0.0243171855053966,0.0225378792489042,"KIF2C/KIF14/KIF11/KIF20A/KIF23/KIFC1",6
"GO:0005080","GO:0005080","protein kinase C binding","5/209","51/15349",0.000630083525327051,0.0376926279253403,0.0349346307600715,"CAVIN2/TOP2A/DSP/SDC4/ADCY4",5
"GO:0031994","GO:0031994","insulin-like growth factor I binding","3/209","13/15349",0.000643532671896053,0.0376926279253403,0.0349346307600715,"IGFBP5/IGFBP4/IGFBP3",3
"GO:0030021","GO:0030021","extracellular matrix structural constituent conferring compression resistance","3/209","14/15349",0.000810847913796622,0.0415559555820769,0.0385152759053395,"BGN/HAPLN1/PRELP",3
