"","ID","Description","GeneRatio","BgRatio","pvalue","p.adjust","qvalue","geneID","Count"
"GO:0050840","GO:0050840","extracellular matrix binding","4/99","52/15349",0.000347667012489047,0.0461607535028181,0.0434163032458279,"BGN/THSD1/LGALS3/CCN1",4
"GO:0030246","GO:0030246","carbohydrate binding","7/99","218/15349",0.000521634353349386,0.0461607535028181,0.0434163032458279,"CD34/MRC1/LGALS3/FCN3/HK2/CLEC1A/SELE",7
"GO:0004714","GO:0004714","transmembrane receptor protein tyrosine kinase activity","4/99","61/15349",0.000641121576428029,0.0461607535028181,0.0434163032458279,"KDR/TEK/TIE1/FLT1",4
