"","ID","Description","GeneRatio","BgRatio","pvalue","p.adjust","qvalue","geneID","Count"
"GO:0005539","GO:0005539","glycosaminoglycan binding","8/79","155/12945",4.47879642160162e-06,0.000677902734018135,0.000628500915344749,"CXCL10/LYVE1/THBS2/PTPRS/TMEM184A/ADGRG1/SELL/CTSG",8
"GO:0008201","GO:0008201","heparin binding","7/79","112/12945",5.21463641552412e-06,0.000677902734018135,0.000628500915344749,"CXCL10/THBS2/PTPRS/TMEM184A/ADGRG1/SELL/CTSG",7
"GO:0005125","GO:0005125","cytokine activity","6/79","107/12945",4.72057135149596e-05,0.00409116183796317,0.00379302048944763,"CXCL10/WNT7B/BMP3/WNT8B/CXCL14/CXCL5",6
"GO:1901681","GO:1901681","sulfur compound binding","7/79","194/12945",0.000177575440156257,0.0115424036101567,0.0107012567883639,"CXCL10/THBS2/PTPRS/TMEM184A/ADGRG1/SELL/CTSG",7
"GO:0008009","GO:0008009","chemokine activity","3/79","22/12945",0.000309872084537885,0.01611334839597,0.0149390962861422,"CXCL10/CXCL14/CXCL5",3
"GO:0048018","GO:0048018","receptor ligand activity","7/79","227/12945",0.000461567431833801,0.0190317668338025,0.0176448364572501,"CHGB/CXCL10/WNT7B/BMP3/WNT8B/CXCL14/CXCL5",7
"GO:0030546","GO:0030546","signaling receptor activator activity","7/79","231/12945",0.000512393722448529,0.0190317668338025,0.0176448364572501,"CHGB/CXCL10/WNT7B/BMP3/WNT8B/CXCL14/CXCL5",7
"GO:0042379","GO:0042379","chemokine receptor binding","3/79","29/12945",0.000712987032387255,0.0231720785525858,0.0214834250548265,"CXCL10/CXCL14/CXCL5",3
"GO:0030545","GO:0030545","receptor regulator activity","7/79","257/12945",0.000961751516645326,0.0277839327030872,0.0257591926680444,"CHGB/CXCL10/WNT7B/BMP3/WNT8B/CXCL14/CXCL5",7
