"","ID","Description","GeneRatio","BgRatio","pvalue","p.adjust","qvalue","geneID","Count"
"GO:0045121","GO:0045121","membrane raft","11/103","299/15694",4.20459499615834e-06,0.000363697467167697,0.000351858212836409,"PLVAP/PECAM1/KDR/TFPI/CAVIN2/TEK/UNC5B/CAVIN3/SKAP1/SELE/SERPINH1",11
"GO:0098857","GO:0098857","membrane microdomain","11/103","299/15694",4.20459499615834e-06,0.000363697467167697,0.000351858212836409,"PLVAP/PECAM1/KDR/TFPI/CAVIN2/TEK/UNC5B/CAVIN3/SKAP1/SELE/SERPINH1",11
"GO:0044853","GO:0044853","plasma membrane raft","6/103","101/15694",5.28327142423347e-05,0.00304668652130797,0.00294750932088814,"PLVAP/TFPI/CAVIN2/CAVIN3/SKAP1/SELE",6
"GO:0005901","GO:0005901","caveola","5/103","75/15694",0.000132408040729608,0.00572664776155555,0.00554023117789676,"PLVAP/TFPI/CAVIN2/CAVIN3/SELE",5
"GO:0062023","GO:0062023","collagen-containing extracellular matrix","9/103","360/15694",0.000599954353853183,0.0207584206433202,0.0200826825816118,"BGN/LGALS3/FCN3/TGM2/MFGE8/MMRN1/HAPLN1/CCN1/SERPINH1",9
"GO:0043235","GO:0043235","receptor complex","9/103","372/15694",0.000757884084866173,0.0218523244469746,0.0211409771041617,"PTPRB/CR1L/KDR/TEK/CSF2RB/TIE1/CD40/SKAP1/FLT1",9
