"","ID","Description","GeneRatio","BgRatio","pvalue","p.adjust","qvalue","geneID","Count"
"GO:0062023","GO:0062023","collagen-containing extracellular matrix","12/17","398/17405",9.68375862128083e-17,4.93871689685322e-15,3.66963484595905e-15,"IGFBP7/FN1/POSTN/LGALS1/PTN/SPARCL1/TNC/COL1A2/COL4A1/BGN/MMP9/COL1A1",12
"GO:0005788","GO:0005788","endoplasmic reticulum lumen","9/17","302/17405",2.7249996263552e-12,6.94874904720577e-11,5.16315718677828e-11,"IGFBP7/FN1/IGFBP5/LGALS1/SPARCL1/TNC/COL1A2/COL4A1/COL1A1",9
"GO:0005604","GO:0005604","basement membrane","4/17","92/17405",1.65052154269405e-06,2.80588662257989e-05,2.08486931708722e-05,"FN1/PTN/TNC/COL4A1",4
"GO:0098644","GO:0098644","complex of collagen trimers","3/17","27/17405",2.23124595191647e-06,2.8448385886935e-05,2.11381195444718e-05,"COL1A2/COL4A1/COL1A1",3
"GO:0005581","GO:0005581","collagen trimer","3/17","86/17405",7.53350836038383e-05,0.00076841785275915,0.00057096063362909,"COL1A2/COL4A1/COL1A1",3
"GO:0005583","GO:0005583","fibrillar collagen trimer","2/17","18/17405",0.000136126953765612,0.000991782091720886,0.000736927870009327,"COL1A2/COL1A1",2
"GO:0098643","GO:0098643","banded collagen fibril","2/17","18/17405",0.000136126953765612,0.000991782091720886,0.000736927870009327,"COL1A2/COL1A1",2
"GO:0031594","GO:0031594","neuromuscular junction","2/17","72/17405",0.00220470579598382,0.0140549994493968,0.0104433432441339,"POSTN/PTN",2
