"","ID","Description","GeneRatio","BgRatio","pvalue","p.adjust","qvalue","geneID","Count"
"GO:0062023","GO:0062023","collagen-containing extracellular matrix","11/15","398/17405",9.80535828339786e-16,4.1182504790271e-14,2.47714314527946e-14,"IGFBP7/LGALS1/POSTN/TNC/FN1/DCN/PTN/BGN/MGP/SPARCL1/LUM",11
"GO:0005788","GO:0005788","endoplasmic reticulum lumen","6/15","302/17405",1.13950700475509e-07,2.39296470998569e-06,1.43937726916432e-06,"IGFBP7/IGFBP5/LGALS1/TNC/FN1/SPARCL1",6
"GO:0005604","GO:0005604","basement membrane","3/15","92/17405",6.21055778918056e-05,0.000841110454495163,0.000505931100448218,"TNC/FN1/PTN",3
"GO:0005796","GO:0005796","Golgi lumen","3/15","103/17405",8.69648443946276e-05,0.000841110454495163,0.000505931100448218,"DCN/BGN/LUM",3
"GO:0043202","GO:0043202","lysosomal lumen","3/15","108/17405",0.00010013219696371,0.000841110454495163,0.000505931100448218,"DCN/BGN/LUM",3
"GO:0005775","GO:0005775","vacuolar lumen","3/15","186/17405",0.000497062888385735,0.00347944021870015,0.00209289637215046,"DCN/BGN/LUM",3
"GO:0031594","GO:0031594","neuromuscular junction","2/15","72/17405",0.00171129161587366,0.010267749695242,0.00617609004225081,"POSTN/PTN",2
"GO:0005581","GO:0005581","collagen trimer","2/15","86/17405",0.00243011311886598,0.0127580938740464,0.00767404142799782,"DCN/LUM",2
