"","ID","Description","GeneRatio","BgRatio","pvalue","p.adjust","qvalue","geneID","Count"
"GO:0005581","GO:0005581","collagen trimer","2/7","86/17405",0.000498677668000578,0.0139629747040162,0.00892370563790508,"COL18A1/COL1A1",2
"GO:0005788","GO:0005788","endoplasmic reticulum lumen","2/7","302/17405",0.00594896438700283,0.0432415923167122,0.0276356041121845,"COL18A1/COL1A1",2
"GO:0005583","GO:0005583","fibrillar collagen trimer","1/7","18/17405",0.00721811777146719,0.0432415923167122,0.0276356041121845,"COL1A1",1
"GO:0098643","GO:0098643","banded collagen fibril","1/7","18/17405",0.00721811777146719,0.0432415923167122,0.0276356041121845,"COL1A1",1
"GO:0031430","GO:0031430","M band","1/7","24/17405",0.00961421130977369,0.0432415923167122,0.0276356041121845,"CRYAB",1
"GO:0062023","GO:0062023","collagen-containing extracellular matrix","2/7","398/17405",0.0101508618434247,0.0432415923167122,0.0276356041121845,"COL18A1/COL1A1",2
"GO:0098644","GO:0098644","complex of collagen trimers","1/7","27/17405",0.0108103980791781,0.0432415923167122,0.0276356041121845,"COL1A1",1
"GO:0031672","GO:0031672","A band","1/7","34/17405",0.013596685714177,0.0475883999996197,0.0304136390975013,"CRYAB",1
