"","ID","Description","GeneRatio","BgRatio","pvalue","p.adjust","qvalue","geneID","Count"
"GO:0062023","GO:0062023","collagen-containing extracellular matrix","4/4","398/17405",2.69413574263325e-07,3.77179003968655e-06,1.70155941639995e-06,"IGFBP7/FN1/POSTN/MGP",4
"GO:0005788","GO:0005788","endoplasmic reticulum lumen","2/4","302/17405",0.00175941725168922,0.0123159207618246,0.00555605447901859,"IGFBP7/FN1",2
"GO:0031093","GO:0031093","platelet alpha granule lumen","1/4","62/17405",0.0141740394182288,0.0489488831805915,0.0220822029386127,"FN1",1
"GO:0031594","GO:0031594","neuromuscular junction","1/4","72/17405",0.0164459849260128,0.0489488831805915,0.0220822029386127,"POSTN",1
"GO:0031091","GO:0031091","platelet alpha granule","1/4","84/17405",0.0191671333538653,0.0489488831805915,0.0220822029386127,"FN1",1
"GO:0005604","GO:0005604","basement membrane","1/4","92/17405",0.0209780927916821,0.0489488831805915,0.0220822029386127,"FN1",1
