"","ID","Description","GeneRatio","BgRatio","pvalue","p.adjust","qvalue","geneID","Count"
"GO:0005883","GO:0005883","neurofilament","2/20","12/17405",8.22260375058036e-05,0.00479102420954298,0.00383884107913106,"NEFL/NEFM",2
"GO:0005882","GO:0005882","intermediate filament","3/20","90/17405",0.000143015648046059,0.00479102420954298,0.00383884107913106,"NEFL/NEFM/PRPH",3
"GO:0045111","GO:0045111","intermediate filament cytoskeleton","3/20","130/17405",0.00042294502607412,0.00944577224898867,0.00756848994027372,"NEFL/NEFM/PRPH",3
"GO:0000793","GO:0000793","condensed chromosome","3/20","212/17405",0.00174299120082102,0.0269062600288514,0.0215588257890247,"CENPF/HMGB2/TOP2A",3
"GO:0043025","GO:0043025","neuronal cell body","4/20","484/17405",0.00200792985289936,0.0269062600288514,0.0215588257890247,"NEUROG1/AKAP12/EEF1A2/PRPH",4
"GO:0031594","GO:0031594","neuromuscular junction","2/20","72/17405",0.00305550818524963,0.0325199404865671,0.0260568258415541,"SPOCK1/NEFL",2
"GO:0098685","GO:0098685","Schaffer collateral - CA1 synapse","2/20","76/17405",0.00339760572247716,0.0325199404865671,0.0260568258415541,"AKAP12/NEFL",2
