"","ID","Description","GeneRatio","BgRatio","pvalue","p.adjust","qvalue","geneID","Count"
"GO:0048407","GO:0048407","platelet-derived growth factor binding","1/2","11/17059",0.00128926381457439,0.0103141105165951,NA,"COL1A2",1
"GO:0030020","GO:0030020","extracellular matrix structural constituent conferring tensile strength","1/2","47/17059",0.00550285807786421,0.0220114323114569,NA,"COL1A2",1
"GO:0046332","GO:0046332","SMAD binding","1/2","80/17059",0.00935749453984058,0.0249533187729082,NA,"COL1A2",1
"GO:0019838","GO:0019838","growth factor binding","1/2","134/17059",0.0156489367272937,0.0272709012332973,NA,"COL1A2",1
"GO:0002020","GO:0002020","protease binding","1/2","146/17059",0.0170443132708108,0.0272709012332973,NA,"COL1A2",1
"GO:0005201","GO:0005201","extracellular matrix structural constituent","1/2","176/17059",0.0205284246199372,0.0273712328265829,NA,"COL1A2",1
"GO:0030674","GO:0030674","protein-macromolecule adaptor activity","1/2","270/17059",0.0314052508212738,0.0358917152243129,NA,"COL1A2",1
"GO:0060090","GO:0060090","molecular adaptor activity","1/2","347/17059",0.040269742831997,0.040269742831997,NA,"COL1A2",1
